n	o	b	o	d	y
*
r	o	o	t
*
d	a	e	m	o	n
*
_	u	u	c	p
*
_	t	a	s	k	g	a	t	e	d
*
_	n	e	t	w	o	r	k	d
*
_	i	n	s	t	a	l	l	a	s	s	i	s	t	a	n	t
*
_	l	p
*
_	p	o	s	t	f	i	x
*
_	s	c	s	d
*
_	c	e	s
*
_	m	c	x	a	l	r
*
_	a	p	p	l	e	e	v	e	n	t	s
*
_	g	e	o	d
*
_	s	e	r	i	a	l	n	u	m	b	e	r	d
*
_	d	e	v	d	o	c	s
*
_	s	a	n	d	b	o	x
*
_	m	d	n	s	r	e	s	p	o	n	d	e	r
*
_	a	r	d
*
_	w	w	w
*
_	e	p	p	c
*
_	c	v	s
*
_	s	v	n
*
_	m	y	s	q	l
*
_	s	s	h	d
*
_	q	t	s	s
*
_	c	y	r	u	s
*
_	m	a	i	l	m	a	n
*
_	a	p	p	s	e	r	v	e	r
*
_	c	l	a	m	a	v
*
_	a	m	a	v	i	s	d
*
_	j	a	b	b	e	r
*
_	a	p	p	o	w	n	e	r
*
_	w	i	n	d	o	w	s	e	r	v	e	r
*
_	s	p	o	t	l	i	g	h	t
*
_	t	o	k	e	n	d
*
_	s	e	c	u	r	i	t	y	a	g	e	n	t
*
_	c	a	l	e	n	d	a	r
*
_	t	e	a	m	s	s	e	r	v	e	r
*
_	u	p	d	a	t	e	_	s	h	a	r	i	n	g
*
_	i	n	s	t	a	l	l	e	r
*
_	a	t	s	s	e	r	v	e	r
*
_	f	t	p
*
_	u	n	k	n	o	w	n
*
_	s	o	f	t	w	a	r	e	u	p	d	a	t	e
*
_	c	o	r	e	a	u	d	i	o	d
*
_	s	c	r	e	e	n	s	a	v	e	r
*
_	l	o	c	a	t	i	o	n	d
*
_	t	r	u	s	t	e	v	a	l	u	a	t	i	o	n	a	g	e	n	t
*
_	t	i	m	e	z	o	n	e
*
_	l	d	a
*
_	c	v	m	s	r	o	o	t
*
_	u	s	b	m	u	x	d
*
_	d	o	v	e	c	o	t
*
_	d	p	a	u	d	i	o
*
_	p	o	s	t	g	r	e	s
*
_	k	r	b	t	g	t
*
_	k	a	d	m	i	n	_	a	d	m	i	n
*
_	k	a	d	m	i	n	_	c	h	a	n	g	e	p	w
*
_	d	e	v	i	c	e	m	g	r
*
_	w	e	b	a	u	t	h	s	e	r	v	e	r
*
_	n	e	t	b	i	o	s
*
_	w	a	r	m	d
*
_	d	o	v	e	n	u	l	l
*
_	n	e	t	s	t	a	t	i	s	t	i	c	s
*
_	a	v	b	d	e	v	i	c	e	d
*
_	k	r	b	_	k	r	b	t	g	t
*
_	k	r	b	_	k	a	d	m	i	n
*
_	k	r	b	_	c	h	a	n	g	e	p	w
*
_	k	r	b	_	k	e	r	b	e	r	o	s
*
_	k	r	b	_	a	n	o	n	y	m	o	u	s
*
_	a	s	s	e	t	c	a	c	h	e
*
_	c	o	r	e	m	e	d	i	a	i	o	d
*
_	x	c	s	b	u	i	l	d	a	g	e	n	t
*
_	x	c	s	c	r	e	d	s	e	r	v	e	r
*
_	l	a	u	n	c	h	s	e	r	v	i	c	e	s	d
*
